original amplitude,original phase shift,manipulated amplitude,manipulated phase shift,amplitude difference,phase shift difference
1,0.3,1.0,0.57,0.0,0.26999999999999996
1,1.3,1.0,1.32,0.0,0.020000000000000018
1,0.3,1.0,0.28,0.0,0.019999999999999962
1,0.6,1.0,0.28,0.0,0.31999999999999995
1,1.3,1.0,0.28,0.0,1.02
